path,final_category,final_decision,notes
"/Users/animationtech/Desktop/marketai-v5/backend/src/.DS_Store","legacy","DELETE",""
"/Users/animationtech/Desktop/marketai-v5/backend/src/ai/modelRouter.ts","misplaced","MOVE","normalize-location"
"/Users/animationtech/Desktop/marketai-v5/backend/src/ai/prompts/basePrompts.ts","misplaced","MOVE","normalize-location"
"/Users/animationtech/Desktop/marketai-v5/backend/src/ai/types.ts","misplaced","MOVE","normalize-location"
"/Users/animationtech/Desktop/marketai-v5/backend/src/api/commandCenter/metrics.ts","misplaced","MOVE","normalize-location"
"/Users/animationtech/Desktop/marketai-v5/backend/src/api/opportunities.ts","misplaced","MOVE","normalize-location"
"/Users/animationtech/Desktop/marketai-v5/backend/src/api/opportunities/index.ts","misplaced","MOVE","normalize-location"
"/Users/animationtech/Desktop/marketai-v5/backend/src/api/pipelineStatus.ts","misplaced","MOVE","normalize-location"
"/Users/animationtech/Desktop/marketai-v5/backend/src/brain/_generated/correlationArtifactFields.ts","misplaced","MOVE","normalize-location"
"/Users/animationtech/Desktop/marketai-v5/backend/src/brain/.DS_Store","legacy","DELETE",""
"/Users/animationtech/Desktop/marketai-v5/backend/src/brain/autopilot/bundleShadowGenerator.ts","misplaced","MOVE","normalize-location"
"/Users/animationtech/Desktop/marketai-v5/backend/src/brain/autopilot/bundleShadowGenerator.ts.bak_fix012_1766433376","legacy","DELETE","backup-artifact"
"/Users/animationtech/Desktop/marketai-v5/backend/src/brain/autopilot/bundleShadowGenerator.ts.bak_fix013_1766433520","legacy","DELETE","backup-artifact"
"/Users/animationtech/Desktop/marketai-v5/backend/src/brain/autopilot/bundleShadowGenerator.ts.bak_fix014_1766433560","legacy","DELETE","backup-artifact"
"/Users/animationtech/Desktop/marketai-v5/backend/src/brain/autopilot/bundleShadowGenerator.ts.bak_fix015_1766433606","legacy","DELETE","backup-artifact"
"/Users/animationtech/Desktop/marketai-v5/backend/src/brain/autopilot/bundleShadowGenerator.ts.bak_pre_fix012_1766433438","legacy","DELETE","backup-artifact"
"/Users/animationtech/Desktop/marketai-v5/backend/src/brain/autopilot/bundleShadowGenerator.ts.d.ts","misplaced","MOVE","normalize-location"
"/Users/animationtech/Desktop/marketai-v5/backend/src/brain/autopilot/opportunityMaterializer.ts","misplaced","MOVE","normalize-location"
"/Users/animationtech/Desktop/marketai-v5/backend/src/brain/autopilot/portfolioAutoRun.ts","misplaced","MOVE","normalize-location"
"/Users/animationtech/Desktop/marketai-v5/backend/src/brain/autopilot/runOpportunityMaterializer.ts","runner","KEEP",""
"/Users/animationtech/Desktop/marketai-v5/backend/src/brain/autopilot/shadowPortfolioRun.ts","misplaced","MOVE","normalize-location"
"/Users/animationtech/Desktop/marketai-v5/backend/src/brain/autopilot/state.ts","misplaced","MOVE","normalize-location"
"/Users/animationtech/Desktop/marketai-v5/backend/src/brain/contracts/EngineContext.ts","misplaced","MOVE","normalize-location"
"/Users/animationtech/Desktop/marketai-v5/backend/src/brain/contracts/EngineContract.ts","misplaced","MOVE","normalize-location"
"/Users/animationtech/Desktop/marketai-v5/backend/src/brain/contracts/EngineSignal.ts","misplaced","MOVE","normalize-location"
"/Users/animationtech/Desktop/marketai-v5/backend/src/brain/contracts/README.md","misplaced","MOVE","normalize-location"
"/Users/animationtech/Desktop/marketai-v5/backend/src/brain/core/brainExecutionPlan.ts","misplaced","MOVE","normalize-location"
"/Users/animationtech/Desktop/marketai-v5/backend/src/brain/core/brainOrchestrator.ts","misplaced","MOVE","normalize-location"
"/Users/animationtech/Desktop/marketai-v5/backend/src/brain/core/engineRegistry.ts","misplaced","MOVE","normalize-location"
"/Users/animationtech/Desktop/marketai-v5/backend/src/brain/core/engineTypes.ts","misplaced","MOVE","normalize-location"
"/Users/animationtech/Desktop/marketai-v5/backend/src/brain/core/opportunityPatch.ts","misplaced","MOVE","normalize-location"
"/Users/animationtech/Desktop/marketai-v5/backend/src/brain/core/tickerContextBuilder.ts","misplaced","MOVE","normalize-location"
"/Users/animationtech/Desktop/marketai-v5/backend/src/brain/db/index.ts","db","KEEP",""
"/Users/animationtech/Desktop/marketai-v5/backend/src/brain/db/prisma.js","db","KEEP",""
"/Users/animationtech/Desktop/marketai-v5/backend/src/brain/db/prisma.ts","db","KEEP",""
"/Users/animationtech/Desktop/marketai-v5/backend/src/brain/engines/aiCostGuardrails/v1/aiCostGuardrailsEngine.ts","engine","MOVE","normalize-engine-layout"
"/Users/animationtech/Desktop/marketai-v5/backend/src/brain/engines/aiCostGuardrails/v1/index.ts","engine","MOVE","normalize-engine-layout"
"/Users/animationtech/Desktop/marketai-v5/backend/src/brain/engines/aiGovernance/v1/aiGovernanceEngine.ts","engine","MOVE","normalize-engine-layout"
"/Users/animationtech/Desktop/marketai-v5/backend/src/brain/engines/aiGovernance/v1/index.ts","engine","MOVE","normalize-engine-layout"
"/Users/animationtech/Desktop/marketai-v5/backend/src/brain/engines/anomalyEngine.ts","engine","MOVE","normalize-engine-layout"
"/Users/animationtech/Desktop/marketai-v5/backend/src/brain/engines/autoUpgradePlanner/v1/autoUpgradePlannerEngine.ts","engine","MOVE","normalize-engine-layout"
"/Users/animationtech/Desktop/marketai-v5/backend/src/brain/engines/autoUpgradePlanner/v1/index.ts","engine","MOVE","normalize-engine-layout"
"/Users/animationtech/Desktop/marketai-v5/backend/src/brain/engines/autoUpgradePrompter/v1/autoUpgradePrompterEngine.ts","engine","MOVE","normalize-engine-layout"
"/Users/animationtech/Desktop/marketai-v5/backend/src/brain/engines/autoUpgradePrompter/v1/index.ts","engine","MOVE","normalize-engine-layout"
"/Users/animationtech/Desktop/marketai-v5/backend/src/brain/engines/bundleCompression/v1/bundleCompressionEngineV1.ts","engine","MOVE","normalize-engine-layout"
"/Users/animationtech/Desktop/marketai-v5/backend/src/brain/engines/catalystEngine.ts","engine","MOVE","normalize-engine-layout"
"/Users/animationtech/Desktop/marketai-v5/backend/src/brain/engines/catalystHunter/v1/catalystHunterEngine.ts","engine","MOVE","normalize-engine-layout"
"/Users/animationtech/Desktop/marketai-v5/backend/src/brain/engines/catalystHunter/v1/catalystHunterEngineV1.ts","engine","MOVE","normalize-engine-layout"
"/Users/animationtech/Desktop/marketai-v5/backend/src/brain/engines/catalystHunter/v1/index.ts","engine","MOVE","normalize-engine-layout"
"/Users/animationtech/Desktop/marketai-v5/backend/src/brain/engines/catalystHunter/v2/catalystHunterEngineV2.ts","engine","MOVE","normalize-engine-layout"
"/Users/animationtech/Desktop/marketai-v5/backend/src/brain/engines/catalystHunter/v2/catalystHunterV2.ts","engine","MOVE","normalize-engine-layout"
"/Users/animationtech/Desktop/marketai-v5/backend/src/brain/engines/catalystHunter/v2/comparability.ts","engine","MOVE","normalize-engine-layout"
"/Users/animationtech/Desktop/marketai-v5/backend/src/brain/engines/catalystHunter/v2/index.ts","engine","MOVE","normalize-engine-layout"
"/Users/animationtech/Desktop/marketai-v5/backend/src/brain/engines/catalystHunter/v2/operatorReadiness.ts","engine","MOVE","normalize-engine-layout"
"/Users/animationtech/Desktop/marketai-v5/backend/src/brain/engines/catalystHunter/v2/parityLogger.ts","engine","MOVE","normalize-engine-layout"
"/Users/animationtech/Desktop/marketai-v5/backend/src/brain/engines/catalystHunter/v2/types.ts","engine","MOVE","normalize-engine-layout"
"/Users/animationtech/Desktop/marketai-v5/backend/src/brain/engines/catalystHunter/v2/whatIf.ts","engine","MOVE","normalize-engine-layout"
"/Users/animationtech/Desktop/marketai-v5/backend/src/brain/engines/confidenceCalibration/v1/confidenceCalibrationEngine.ts","engine","MOVE","normalize-engine-layout"
"/Users/animationtech/Desktop/marketai-v5/backend/src/brain/engines/confidenceCalibration/v1/index.ts","engine","MOVE","normalize-engine-layout"
"/Users/animationtech/Desktop/marketai-v5/backend/src/brain/engines/confidenceDecay/v1/confidenceDecayEngine.ts","engine","MOVE","normalize-engine-layout"
"/Users/animationtech/Desktop/marketai-v5/backend/src/brain/engines/confidenceDecay/v1/index.ts","engine","MOVE","normalize-engine-layout"
"/Users/animationtech/Desktop/marketai-v5/backend/src/brain/engines/contradiction/v1/contradictionEngine.ts","engine","MOVE","normalize-engine-layout"
"/Users/animationtech/Desktop/marketai-v5/backend/src/brain/engines/contradiction/v1/index.ts","engine","MOVE","normalize-engine-layout"
"/Users/animationtech/Desktop/marketai-v5/backend/src/brain/engines/correlation/runCorrelationEngine.ts","engine","MOVE","normalize-engine-layout"
"/Users/animationtech/Desktop/marketai-v5/backend/src/brain/engines/correlationEngine.ts","engine","MOVE","normalize-engine-layout"
"/Users/animationtech/Desktop/marketai-v5/backend/src/brain/engines/correlationHunter/.DS_Store","engine","MOVE","normalize-engine-layout"
"/Users/animationtech/Desktop/marketai-v5/backend/src/brain/engines/correlationHunter/v1/correlationHunterV1.ts","engine","MOVE","normalize-engine-layout"
"/Users/animationtech/Desktop/marketai-v5/backend/src/brain/engines/correlationHunter/v2/comparability.ts","engine","MOVE","normalize-engine-layout"
"/Users/animationtech/Desktop/marketai-v5/backend/src/brain/engines/correlationHunter/v2/correlationHunterV2.ts","engine","MOVE","normalize-engine-layout"
"/Users/animationtech/Desktop/marketai-v5/backend/src/brain/engines/correlationHunter/v2/operatorReadiness.ts","engine","MOVE","normalize-engine-layout"
"/Users/animationtech/Desktop/marketai-v5/backend/src/brain/engines/correlationHunter/v2/parityLogger.ts","engine","MOVE","normalize-engine-layout"
"/Users/animationtech/Desktop/marketai-v5/backend/src/brain/engines/correlationHunter/v2/types.ts","engine","MOVE","normalize-engine-layout"
"/Users/animationtech/Desktop/marketai-v5/backend/src/brain/engines/correlationHunter/v2/whatIf.ts","engine","MOVE","normalize-engine-layout"
"/Users/animationtech/Desktop/marketai-v5/backend/src/brain/engines/cryptoEngine.ts","engine","MOVE","normalize-engine-layout"
"/Users/animationtech/Desktop/marketai-v5/backend/src/brain/engines/divergenceEngine.ts","engine","MOVE","normalize-engine-layout"
"/Users/animationtech/Desktop/marketai-v5/backend/src/brain/engines/engineAttribution/v1/engineAttributionEngine.ts","engine","MOVE","normalize-engine-layout"
"/Users/animationtech/Desktop/marketai-v5/backend/src/brain/engines/engineAttribution/v1/index.ts","engine","MOVE","normalize-engine-layout"
"/Users/animationtech/Desktop/marketai-v5/backend/src/brain/engines/engineEvaluation/v1/engineAccuracyLeaderboard.ts","engine","MOVE","normalize-engine-layout"
"/Users/animationtech/Desktop/marketai-v5/backend/src/brain/engines/engineWeightAdjuster/v1/engineWeightAdjusterEngine.ts","engine","MOVE","normalize-engine-layout"
"/Users/animationtech/Desktop/marketai-v5/backend/src/brain/engines/engineWeightAdjuster/v1/index.ts","engine","MOVE","normalize-engine-layout"
"/Users/animationtech/Desktop/marketai-v5/backend/src/brain/engines/experimentRunner/v1/experimentRunnerEngine.ts","engine","MOVE","normalize-engine-layout"
"/Users/animationtech/Desktop/marketai-v5/backend/src/brain/engines/experimentRunner/v1/index.ts","engine","MOVE","normalize-engine-layout"
"/Users/animationtech/Desktop/marketai-v5/backend/src/brain/engines/explanationNarrative/v1/explanationNarrativeEngine.ts","engine","MOVE","normalize-engine-layout"
"/Users/animationtech/Desktop/marketai-v5/backend/src/brain/engines/explanationNarrative/v1/narrativeCache.ts","engine","MOVE","normalize-engine-layout"
"/Users/animationtech/Desktop/marketai-v5/backend/src/brain/engines/fundamentalsEngine.ts","engine","MOVE","normalize-engine-layout"
"/Users/animationtech/Desktop/marketai-v5/backend/src/brain/engines/gammaEngine.ts","engine","MOVE","normalize-engine-layout"
"/Users/animationtech/Desktop/marketai-v5/backend/src/brain/engines/insiderActivity/v1/insiderActivityEngineV1.ts","engine","MOVE","normalize-engine-layout"
"/Users/animationtech/Desktop/marketai-v5/backend/src/brain/engines/insiderEngine.ts","engine","MOVE","normalize-engine-layout"
"/Users/animationtech/Desktop/marketai-v5/backend/src/brain/engines/institutionalEngine.ts","engine","MOVE","normalize-engine-layout"
"/Users/animationtech/Desktop/marketai-v5/backend/src/brain/engines/macroEngine.ts","engine","MOVE","normalize-engine-layout"
"/Users/animationtech/Desktop/marketai-v5/backend/src/brain/engines/macroShock/v1/macroShockEngineV1.ts","engine","MOVE","normalize-engine-layout"
"/Users/animationtech/Desktop/marketai-v5/backend/src/brain/engines/metaFusion/v1/index.ts","engine","MOVE","normalize-engine-layout"
"/Users/animationtech/Desktop/marketai-v5/backend/src/brain/engines/metaFusion/v1/metaFusionAI.ts","engine","MOVE","normalize-engine-layout"
"/Users/animationtech/Desktop/marketai-v5/backend/src/brain/engines/metaFusion/v1/metaFusionEngine.ts","engine","MOVE","normalize-engine-layout"
"/Users/animationtech/Desktop/marketai-v5/backend/src/brain/engines/metaFusion/v2/coherence.ts","engine","MOVE","normalize-engine-layout"
"/Users/animationtech/Desktop/marketai-v5/backend/src/brain/engines/metaFusion/v2/contradictionMap.ts","engine","MOVE","normalize-engine-layout"
"/Users/animationtech/Desktop/marketai-v5/backend/src/brain/engines/metaFusion/v2/evidenceInventory.ts","engine","MOVE","normalize-engine-layout"
"/Users/animationtech/Desktop/marketai-v5/backend/src/brain/engines/metaFusion/v2/index.ts","engine","MOVE","normalize-engine-layout"
"/Users/animationtech/Desktop/marketai-v5/backend/src/brain/engines/metaFusion/v2/metaFusionEngineV2.ts","engine","MOVE","normalize-engine-layout"
"/Users/animationtech/Desktop/marketai-v5/backend/src/brain/engines/metaFusion/v2/metaFusionV2.ts","engine","MOVE","normalize-engine-layout"
"/Users/animationtech/Desktop/marketai-v5/backend/src/brain/engines/metaFusion/v2/runMetaFusionV2.ts","engine","MOVE","normalize-engine-layout"
"/Users/animationtech/Desktop/marketai-v5/backend/src/brain/engines/metaFusion/v2/types.ts","engine","MOVE","normalize-engine-layout"
"/Users/animationtech/Desktop/marketai-v5/backend/src/brain/engines/metaLearningScheduler/v1/index.ts","engine","MOVE","normalize-engine-layout"
"/Users/animationtech/Desktop/marketai-v5/backend/src/brain/engines/metaLearningScheduler/v1/metaLearningSchedulerEngine.ts","engine","MOVE","normalize-engine-layout"
"/Users/animationtech/Desktop/marketai-v5/backend/src/brain/engines/momentumEngine.ts","engine","MOVE","normalize-engine-layout"
"/Users/animationtech/Desktop/marketai-v5/backend/src/brain/engines/newsVelocity/v1/newsVelocityEngineV1.ts","engine","MOVE","normalize-engine-layout"
"/Users/animationtech/Desktop/marketai-v5/backend/src/brain/engines/opportunityBacktest/v1/index.ts","engine","MOVE","normalize-engine-layout"
"/Users/animationtech/Desktop/marketai-v5/backend/src/brain/engines/opportunityBacktest/v1/opportunityBacktestEngineV1.ts","engine","MOVE","normalize-engine-layout"
"/Users/animationtech/Desktop/marketai-v5/backend/src/brain/engines/opportunityEngine.ts","engine","MOVE","normalize-engine-layout"
"/Users/animationtech/Desktop/marketai-v5/backend/src/brain/engines/opportunityLifecycle/v1/opportunityOutcomeRecorder.ts","engine","MOVE","normalize-engine-layout"
"/Users/animationtech/Desktop/marketai-v5/backend/src/brain/engines/opportunityNarrative/v1/persistOpportunityNarrative.ts","engine","MOVE","normalize-engine-layout"
"/Users/animationtech/Desktop/marketai-v5/backend/src/brain/engines/opportunityOutcome/v1/index.ts","engine","MOVE","normalize-engine-layout"
"/Users/animationtech/Desktop/marketai-v5/backend/src/brain/engines/opportunityOutcome/v1/opportunityOutcomeEngine.ts","engine","MOVE","normalize-engine-layout"
"/Users/animationtech/Desktop/marketai-v5/backend/src/brain/engines/opportunityPromotion/v1/opportunityPromotionGateV1.ts","engine","MOVE","normalize-engine-layout"
"/Users/animationtech/Desktop/marketai-v5/backend/src/brain/engines/opportunityPromotion/v1/promotionRulesV1.ts","engine","MOVE","normalize-engine-layout"
"/Users/animationtech/Desktop/marketai-v5/backend/src/brain/engines/opportunityPromotion/v1/runPromotionGateV1.ts","engine","MOVE","normalize-engine-layout"
"/Users/animationtech/Desktop/marketai-v5/backend/src/brain/engines/opportunityScoring/v1/opportunityScoringV1.ts","engine","MOVE","normalize-engine-layout"
"/Users/animationtech/Desktop/marketai-v5/backend/src/brain/engines/opportunitySynthesis/v1/index.ts","engine","MOVE","normalize-engine-layout"
"/Users/animationtech/Desktop/marketai-v5/backend/src/brain/engines/opportunitySynthesis/v1/opportunitySynthesisEngineV1.ts","engine","MOVE","normalize-engine-layout"
"/Users/animationtech/Desktop/marketai-v5/backend/src/brain/engines/optionsEngine.ts","engine","MOVE","normalize-engine-layout"
"/Users/animationtech/Desktop/marketai-v5/backend/src/brain/engines/optionsFlow/v1/optionsFlowEngineV1.ts","engine","MOVE","normalize-engine-layout"
"/Users/animationtech/Desktop/marketai-v5/backend/src/brain/engines/portfolioEngine.ts","engine","MOVE","normalize-engine-layout"
"/Users/animationtech/Desktop/marketai-v5/backend/src/brain/engines/regimeFusion/v1/index.ts","engine","MOVE","normalize-engine-layout"
"/Users/animationtech/Desktop/marketai-v5/backend/src/brain/engines/regimeFusion/v1/regimeFusionEngine.ts","engine","MOVE","normalize-engine-layout"
"/Users/animationtech/Desktop/marketai-v5/backend/src/brain/engines/regimeFusion/v2/regimeFusionEngineV2.ts","engine","MOVE","normalize-engine-layout"
"/Users/animationtech/Desktop/marketai-v5/backend/src/brain/engines/regimeFusion/v2/types.ts","engine","MOVE","normalize-engine-layout"
"/Users/animationtech/Desktop/marketai-v5/backend/src/brain/engines/regimeSynthesis/v1/index.ts","engine","MOVE","normalize-engine-layout"
"/Users/animationtech/Desktop/marketai-v5/backend/src/brain/engines/regimeSynthesis/v1/regimeSynthesisAI.ts","engine","MOVE","normalize-engine-layout"
"/Users/animationtech/Desktop/marketai-v5/backend/src/brain/engines/regimeSynthesis/v1/regimeSynthesisEngine.ts","engine","MOVE","normalize-engine-layout"
"/Users/animationtech/Desktop/marketai-v5/backend/src/brain/engines/regimeSynthesis/v2/regimeSynthesisEngineV2.ts","engine","MOVE","normalize-engine-layout"
"/Users/animationtech/Desktop/marketai-v5/backend/src/brain/engines/regimeSynthesis/v2/types.ts","engine","MOVE","normalize-engine-layout"
"/Users/animationtech/Desktop/marketai-v5/backend/src/brain/engines/riskEngine.ts","engine","MOVE","normalize-engine-layout"
"/Users/animationtech/Desktop/marketai-v5/backend/src/brain/engines/selfEvaluation/v1/index.ts","engine","MOVE","normalize-engine-layout"
"/Users/animationtech/Desktop/marketai-v5/backend/src/brain/engines/selfEvaluation/v1/selfEvaluationEngine.ts","engine","MOVE","normalize-engine-layout"
"/Users/animationtech/Desktop/marketai-v5/backend/src/brain/engines/selfImprovementController/v1/index.ts","engine","MOVE","normalize-engine-layout"
"/Users/animationtech/Desktop/marketai-v5/backend/src/brain/engines/selfImprovementController/v1/selfImprovementControllerEngine.ts","engine","MOVE","normalize-engine-layout"
"/Users/animationtech/Desktop/marketai-v5/backend/src/brain/engines/sentimentEngine.ts","engine","MOVE","normalize-engine-layout"
"/Users/animationtech/Desktop/marketai-v5/backend/src/brain/engines/signalDetection/v1/signalDetectionEngine.ts","engine","MOVE","normalize-engine-layout"
"/Users/animationtech/Desktop/marketai-v5/backend/src/brain/engines/signalDetection/v2/comparability.ts","engine","MOVE","normalize-engine-layout"
"/Users/animationtech/Desktop/marketai-v5/backend/src/brain/engines/signalDetection/v2/confidenceCalibration.ts","engine","MOVE","normalize-engine-layout"
"/Users/animationtech/Desktop/marketai-v5/backend/src/brain/engines/signalDetection/v2/health.ts","engine","MOVE","normalize-engine-layout"
"/Users/animationtech/Desktop/marketai-v5/backend/src/brain/engines/signalDetection/v2/negativeEvidence.ts","engine","MOVE","normalize-engine-layout"
"/Users/animationtech/Desktop/marketai-v5/backend/src/brain/engines/signalDetection/v2/operatorReadiness.ts","engine","MOVE","normalize-engine-layout"
"/Users/animationtech/Desktop/marketai-v5/backend/src/brain/engines/signalDetection/v2/parityLogger.ts","engine","MOVE","normalize-engine-layout"
"/Users/animationtech/Desktop/marketai-v5/backend/src/brain/engines/signalDetection/v2/rarity.ts","engine","MOVE","normalize-engine-layout"
"/Users/animationtech/Desktop/marketai-v5/backend/src/brain/engines/signalDetection/v2/signalDetectionEngineV2.ts","engine","MOVE","normalize-engine-layout"
"/Users/animationtech/Desktop/marketai-v5/backend/src/brain/engines/signalDetection/v2/temporalBaseline.ts","engine","MOVE","normalize-engine-layout"
"/Users/animationtech/Desktop/marketai-v5/backend/src/brain/engines/signalDetection/v2/types.ts","engine","MOVE","normalize-engine-layout"
"/Users/animationtech/Desktop/marketai-v5/backend/src/brain/engines/signalDetection/v2/whatIf.ts","engine","MOVE","normalize-engine-layout"
"/Users/animationtech/Desktop/marketai-v5/backend/src/brain/engines/technicalEngine.ts","engine","MOVE","normalize-engine-layout"
"/Users/animationtech/Desktop/marketai-v5/backend/src/brain/engines/valuationEngine.ts","engine","MOVE","normalize-engine-layout"
"/Users/animationtech/Desktop/marketai-v5/backend/src/brain/ensemble/portfolioFusion.ts","misplaced","MOVE","normalize-location"
"/Users/animationtech/Desktop/marketai-v5/backend/src/brain/ensemble/v5LitePortfolio.ts","misplaced","MOVE","normalize-location"
"/Users/animationtech/Desktop/marketai-v5/backend/src/brain/fusion/fusionEngine.ts","misplaced","MOVE","normalize-location"
"/Users/animationtech/Desktop/marketai-v5/backend/src/brain/meta/evaluators.ts","misplaced","MOVE","normalize-location"
"/Users/animationtech/Desktop/marketai-v5/backend/src/brain/meta/metaBrain.ts","misplaced","MOVE","normalize-location"
"/Users/animationtech/Desktop/marketai-v5/backend/src/brain/meta/metaEvaluator.ts","misplaced","MOVE","normalize-location"
"/Users/animationtech/Desktop/marketai-v5/backend/src/brain/meta/metaOrchestrator.ts","misplaced","MOVE","normalize-location"
"/Users/animationtech/Desktop/marketai-v5/backend/src/brain/meta/metaPrompts.ts","misplaced","MOVE","normalize-location"
"/Users/animationtech/Desktop/marketai-v5/backend/src/brain/opportunities/materialization/materializeOpportunityV1.ts","misplaced","MOVE","normalize-location"
"/Users/animationtech/Desktop/marketai-v5/backend/src/brain/opportunities/materialization/runMaterializeOpportunityV1.ts","runner","KEEP",""
"/Users/animationtech/Desktop/marketai-v5/backend/src/brain/runners/runCorrelationV2.ts","runner","KEEP",""
"/Users/animationtech/Desktop/marketai-v5/backend/src/brain/runners/runFundamentalsEngine.ts","runner","KEEP",""
"/Users/animationtech/Desktop/marketai-v5/backend/src/brain/runners/runOpportunityMaterializationV1.ts","runner","KEEP",""
"/Users/animationtech/Desktop/marketai-v5/backend/src/brain/runners/runOpportunityPromotionV1.ts","runner","KEEP",""
"/Users/animationtech/Desktop/marketai-v5/backend/src/brain/runners/runOpportunityScorePersistV1.ts","runner","KEEP",""
"/Users/animationtech/Desktop/marketai-v5/backend/src/brain/runners/runOpportunityScoringV1.ts","runner","KEEP",""
"/Users/animationtech/Desktop/marketai-v5/backend/src/brain/runners/runSignalDetectionEngine.ts","runner","KEEP",""
"/Users/animationtech/Desktop/marketai-v5/backend/src/brain/schema/contracts.ts","types","KEEP",""
"/Users/animationtech/Desktop/marketai-v5/backend/src/brain/schema/types.ts","types","KEEP",""
"/Users/animationtech/Desktop/marketai-v5/backend/src/brain/trade/phfa.ts","misplaced","MOVE","normalize-location"
"/Users/animationtech/Desktop/marketai-v5/backend/src/brain/utils/persistenceGuard.ts","misplaced","MOVE","normalize-location"
"/Users/animationtech/Desktop/marketai-v5/backend/src/brain/utils/persistSignals.ts","misplaced","MOVE","normalize-location"
"/Users/animationtech/Desktop/marketai-v5/backend/src/brain/utils/signalExplainability.ts","misplaced","MOVE","normalize-location"
"/Users/animationtech/Desktop/marketai-v5/backend/src/brain/utils/writeCorrelationArtifact.ts","misplaced","MOVE","normalize-location"
"/Users/animationtech/Desktop/marketai-v5/backend/src/brain/vendorProxy/brainV2Proxy.ts","misplaced","MOVE","normalize-location"
"/Users/animationtech/Desktop/marketai-v5/backend/src/config/env.ts","config","KEEP",""
"/Users/animationtech/Desktop/marketai-v5/backend/src/controllers/brainController.ts","misplaced","MOVE","normalize-location"
"/Users/animationtech/Desktop/marketai-v5/backend/src/controllers/diagnosticsController.ts","misplaced","MOVE","normalize-location"
"/Users/animationtech/Desktop/marketai-v5/backend/src/controllers/diagnosticsSystemController.ts","misplaced","MOVE","normalize-location"
"/Users/animationtech/Desktop/marketai-v5/backend/src/controllers/healthController.ts","misplaced","MOVE","normalize-location"
"/Users/animationtech/Desktop/marketai-v5/backend/src/controllers/ingestController.ts","misplaced","MOVE","normalize-location"
"/Users/animationtech/Desktop/marketai-v5/backend/src/controllers/ingestionController.ts","misplaced","MOVE","normalize-location"
"/Users/animationtech/Desktop/marketai-v5/backend/src/controllers/intelligenceController.ts","misplaced","MOVE","normalize-location"
"/Users/animationtech/Desktop/marketai-v5/backend/src/controllers/opportunitiesController.ts","misplaced","MOVE","normalize-location"
"/Users/animationtech/Desktop/marketai-v5/backend/src/controllers/schedulerController.ts","misplaced","MOVE","normalize-location"
"/Users/animationtech/Desktop/marketai-v5/backend/src/controllers/tickerController.ts","misplaced","MOVE","normalize-location"
"/Users/animationtech/Desktop/marketai-v5/backend/src/cron/scheduler.ts","misplaced","MOVE","normalize-location"
"/Users/animationtech/Desktop/marketai-v5/backend/src/db/index.ts","db","KEEP",""
"/Users/animationtech/Desktop/marketai-v5/backend/src/db/prisma.ts","db","KEEP",""
"/Users/animationtech/Desktop/marketai-v5/backend/src/diagnostics/health.ts","misplaced","MOVE","normalize-location"
"/Users/animationtech/Desktop/marketai-v5/backend/src/diagnostics/ingestionStatus.ts","misplaced","MOVE","normalize-location"
"/Users/animationtech/Desktop/marketai-v5/backend/src/diagnostics/narrativeCacheMetrics.ts","misplaced","MOVE","normalize-location"
"/Users/animationtech/Desktop/marketai-v5/backend/src/ingestion/.DS_Store","ingestion","KEEP",""
"/Users/animationtech/Desktop/marketai-v5/backend/src/ingestion/adapters/.DS_Store","ingestion","KEEP",""
"/Users/animationtech/Desktop/marketai-v5/backend/src/ingestion/adapters/bundles/intelligenceBundles.ts","ingestion","KEEP",""
"/Users/animationtech/Desktop/marketai-v5/backend/src/ingestion/adapters/crypto/polygonCrypto.ts","ingestion","KEEP",""
"/Users/animationtech/Desktop/marketai-v5/backend/src/ingestion/adapters/fmpFundamentals.ts","ingestion","KEEP",""
"/Users/animationtech/Desktop/marketai-v5/backend/src/ingestion/adapters/fmpInsider.ts","ingestion","KEEP",""
"/Users/animationtech/Desktop/marketai-v5/backend/src/ingestion/adapters/fmpInstitutional.ts","ingestion","KEEP",""
"/Users/animationtech/Desktop/marketai-v5/backend/src/ingestion/adapters/fmpKeyMetrics.ts","ingestion","KEEP",""
"/Users/animationtech/Desktop/marketai-v5/backend/src/ingestion/adapters/fmpMacro.ts","ingestion","KEEP",""
"/Users/animationtech/Desktop/marketai-v5/backend/src/ingestion/adapters/fmpNews.ts","ingestion","KEEP",""
"/Users/animationtech/Desktop/marketai-v5/backend/src/ingestion/adapters/fundamentals/fmpFundamentals.ts","ingestion","KEEP",""
"/Users/animationtech/Desktop/marketai-v5/backend/src/ingestion/adapters/insider/fmpInsider.ts","ingestion","KEEP",""
"/Users/animationtech/Desktop/marketai-v5/backend/src/ingestion/adapters/institutional/fmpInstitutional.ts","ingestion","KEEP",""
"/Users/animationtech/Desktop/marketai-v5/backend/src/ingestion/adapters/macro/fmpMacro.ts","ingestion","KEEP",""
"/Users/animationtech/Desktop/marketai-v5/backend/src/ingestion/adapters/metrics/fmpKeyMetrics.ts","ingestion","KEEP",""
"/Users/animationtech/Desktop/marketai-v5/backend/src/ingestion/adapters/news/fmpNews.ts","ingestion","KEEP",""
"/Users/animationtech/Desktop/marketai-v5/backend/src/ingestion/adapters/opportunities/opportunityEngine.ts","ingestion","KEEP",""
"/Users/animationtech/Desktop/marketai-v5/backend/src/ingestion/adapters/options/polygonOptionsFlow.ts","ingestion","KEEP",""
"/Users/animationtech/Desktop/marketai-v5/backend/src/ingestion/adapters/polygonPrices.ts","ingestion","KEEP",""
"/Users/animationtech/Desktop/marketai-v5/backend/src/ingestion/adapters/prices/polygonPrices.ts","ingestion","KEEP",""
"/Users/animationtech/Desktop/marketai-v5/backend/src/ingestion/adapters/sp500Universe.ts","ingestion","KEEP",""
"/Users/animationtech/Desktop/marketai-v5/backend/src/ingestion/adapters/universe/sp500Universe.ts","ingestion","KEEP",""
"/Users/animationtech/Desktop/marketai-v5/backend/src/ingestion/control/runState.ts","ingestion","KEEP",""
"/Users/animationtech/Desktop/marketai-v5/backend/src/ingestion/fmpDividendCalendar.ts","ingestion","KEEP",""
"/Users/animationtech/Desktop/marketai-v5/backend/src/ingestion/fmpEarningsCalendar.ts","ingestion","KEEP",""
"/Users/animationtech/Desktop/marketai-v5/backend/src/ingestion/fmpGovernmentContracts.ts","ingestion","KEEP",""
"/Users/animationtech/Desktop/marketai-v5/backend/src/ingestion/fmpInsiderTransactions.ts","ingestion","KEEP",""
"/Users/animationtech/Desktop/marketai-v5/backend/src/ingestion/manifestFull.ts","ingestion","KEEP",""
"/Users/animationtech/Desktop/marketai-v5/backend/src/ingestion/manifestFull.ts.bak.1766387950","ingestion","KEEP",""
"/Users/animationtech/Desktop/marketai-v5/backend/src/ingestion/manifestFull.ts.bak.1766388053","ingestion","KEEP",""
"/Users/animationtech/Desktop/marketai-v5/backend/src/ingestion/manifestFull.ts.bak.1766388182","ingestion","KEEP",""
"/Users/animationtech/Desktop/marketai-v5/backend/src/ingestion/manifestFull.ts.bak.1766388659","ingestion","KEEP",""
"/Users/animationtech/Desktop/marketai-v5/backend/src/ingestion/manifestFull.ts.bak.1766388829","ingestion","KEEP",""
"/Users/animationtech/Desktop/marketai-v5/backend/src/ingestion/manifestFull.ts.bak.1766389497","ingestion","KEEP",""
"/Users/animationtech/Desktop/marketai-v5/backend/src/ingestion/manifestFull.ts.bak.1766390148","ingestion","KEEP",""
"/Users/animationtech/Desktop/marketai-v5/backend/src/ingestion/manifestFull.ts.bak.1766390217","ingestion","KEEP",""
"/Users/animationtech/Desktop/marketai-v5/backend/src/ingestion/manifestFull.ts.bak.1766390294","ingestion","KEEP",""
"/Users/animationtech/Desktop/marketai-v5/backend/src/ingestion/manifestFull.ts.bak.1766390328","ingestion","KEEP",""
"/Users/animationtech/Desktop/marketai-v5/backend/src/ingestion/manifestFull.ts.bak.1766390399","ingestion","KEEP",""
"/Users/animationtech/Desktop/marketai-v5/backend/src/ingestion/manifestFull.ts.bak.1766390482","ingestion","KEEP",""
"/Users/animationtech/Desktop/marketai-v5/backend/src/ingestion/manifestFull.ts.bak.1766390655","ingestion","KEEP",""
"/Users/animationtech/Desktop/marketai-v5/backend/src/ingestion/manifestFull.ts.bak.1766390741","ingestion","KEEP",""
"/Users/animationtech/Desktop/marketai-v5/backend/src/ingestion/manifestFull.ts.bak.1766390788","ingestion","KEEP",""
"/Users/animationtech/Desktop/marketai-v5/backend/src/ingestion/manifestFull.ts.bak.1766390829","ingestion","KEEP",""
"/Users/animationtech/Desktop/marketai-v5/backend/src/ingestion/manifestFull.ts.bak.1766418413","ingestion","KEEP",""
"/Users/animationtech/Desktop/marketai-v5/backend/src/ingestion/manifestFull.ts.DISABLED","ingestion","KEEP",""
"/Users/animationtech/Desktop/marketai-v5/backend/src/ingestion/manifestFull.ts.pre_restore.20251221_154035","ingestion","KEEP",""
"/Users/animationtech/Desktop/marketai-v5/backend/src/ingestion/modules/.DS_Store","ingestion","KEEP",""
"/Users/animationtech/Desktop/marketai-v5/backend/src/ingestion/modules/analysis/.DS_Store","ingestion","KEEP",""
"/Users/animationtech/Desktop/marketai-v5/backend/src/ingestion/modules/analysis/aiSynthesis.ts","ingestion","KEEP",""
"/Users/animationtech/Desktop/marketai-v5/backend/src/ingestion/modules/analysis/aiSynthesis/aiSynthesis.ts","ingestion","KEEP",""
"/Users/animationtech/Desktop/marketai-v5/backend/src/ingestion/modules/analysis/aiSynthesis/index.ts","ingestion","KEEP",""
"/Users/animationtech/Desktop/marketai-v5/backend/src/ingestion/modules/analysis/catalystHunter.ts","ingestion","KEEP",""
"/Users/animationtech/Desktop/marketai-v5/backend/src/ingestion/modules/analysis/catalystHunter/catalystHunter.ts","ingestion","KEEP",""
"/Users/animationtech/Desktop/marketai-v5/backend/src/ingestion/modules/analysis/catalystHunter/index.ts","ingestion","KEEP",""
"/Users/animationtech/Desktop/marketai-v5/backend/src/ingestion/modules/analysis/correlationArtifacts.ts","ingestion","KEEP",""
"/Users/animationtech/Desktop/marketai-v5/backend/src/ingestion/modules/analysis/correlationArtifacts/correlationArtifacts.ts","ingestion","KEEP",""
"/Users/animationtech/Desktop/marketai-v5/backend/src/ingestion/modules/analysis/correlationHunter.ts","ingestion","KEEP",""
"/Users/animationtech/Desktop/marketai-v5/backend/src/ingestion/modules/analysis/correlationHunter/correlationHunter.ts","ingestion","KEEP",""
"/Users/animationtech/Desktop/marketai-v5/backend/src/ingestion/modules/analysis/correlationHunter/index.ts","ingestion","KEEP",""
"/Users/animationtech/Desktop/marketai-v5/backend/src/ingestion/modules/analysis/engineSignals.ts","ingestion","KEEP",""
"/Users/animationtech/Desktop/marketai-v5/backend/src/ingestion/modules/analysis/engineSignals/engineSignals.ts","ingestion","KEEP",""
"/Users/animationtech/Desktop/marketai-v5/backend/src/ingestion/modules/analysis/engineSignals/index.ts","ingestion","KEEP",""
"/Users/animationtech/Desktop/marketai-v5/backend/src/ingestion/modules/analysis/riskContext.ts","ingestion","KEEP",""
"/Users/animationtech/Desktop/marketai-v5/backend/src/ingestion/modules/analysis/riskContext/index.ts","ingestion","KEEP",""
"/Users/animationtech/Desktop/marketai-v5/backend/src/ingestion/modules/analysis/riskContext/riskContext.ts","ingestion","KEEP",""
"/Users/animationtech/Desktop/marketai-v5/backend/src/ingestion/modules/bea-pce.ts","ingestion","KEEP",""
"/Users/animationtech/Desktop/marketai-v5/backend/src/ingestion/modules/bls-cpi.ts","ingestion","KEEP",""
"/Users/animationtech/Desktop/marketai-v5/backend/src/ingestion/modules/bls-initial-jobless-claims.ts","ingestion","KEEP",""
"/Users/animationtech/Desktop/marketai-v5/backend/src/ingestion/modules/bls-nfp.ts","ingestion","KEEP",""
"/Users/animationtech/Desktop/marketai-v5/backend/src/ingestion/modules/build-energy-asset-pressure.ts","ingestion","KEEP",""
"/Users/animationtech/Desktop/marketai-v5/backend/src/ingestion/modules/build-energy-pressure.ts","ingestion","KEEP",""
"/Users/animationtech/Desktop/marketai-v5/backend/src/ingestion/modules/build-natgas-pressure.ts","ingestion","KEEP",""
"/Users/animationtech/Desktop/marketai-v5/backend/src/ingestion/modules/build-unified-fd.ts","ingestion","KEEP",""
"/Users/animationtech/Desktop/marketai-v5/backend/src/ingestion/modules/bundles/intelligenceBundles.ts","ingestion","KEEP",""
"/Users/animationtech/Desktop/marketai-v5/backend/src/ingestion/modules/cftcCOT.ts","ingestion","KEEP",""
"/Users/animationtech/Desktop/marketai-v5/backend/src/ingestion/modules/congress-stock-trading.ts","ingestion","KEEP",""
"/Users/animationtech/Desktop/marketai-v5/backend/src/ingestion/modules/corporate/fmpDividendCalendar.ts","ingestion","KEEP",""
"/Users/animationtech/Desktop/marketai-v5/backend/src/ingestion/modules/corporate/fmpEarningsCalendar.ts","ingestion","KEEP",""
"/Users/animationtech/Desktop/marketai-v5/backend/src/ingestion/modules/corporate/fmpIPOCalendar.ts","ingestion","KEEP",""
"/Users/animationtech/Desktop/marketai-v5/backend/src/ingestion/modules/credit-spreads.ts","ingestion","KEEP",""
"/Users/animationtech/Desktop/marketai-v5/backend/src/ingestion/modules/crypto-core-ohlc.ts","ingestion","KEEP",""
"/Users/animationtech/Desktop/marketai-v5/backend/src/ingestion/modules/crypto-equity-corr-btc-tsla.ts","ingestion","KEEP",""
"/Users/animationtech/Desktop/marketai-v5/backend/src/ingestion/modules/crypto-equity-correlation.ts","ingestion","KEEP",""
"/Users/animationtech/Desktop/marketai-v5/backend/src/ingestion/modules/crypto/polygonCrypto.ts","ingestion","KEEP",""
"/Users/animationtech/Desktop/marketai-v5/backend/src/ingestion/modules/cryptoEquityCorrelation.ts","ingestion","KEEP",""
"/Users/animationtech/Desktop/marketai-v5/backend/src/ingestion/modules/cryptoEtfFlows.ts","ingestion","KEEP",""
"/Users/animationtech/Desktop/marketai-v5/backend/src/ingestion/modules/cryptoExchangeNetflow.ts","ingestion","KEEP",""
"/Users/animationtech/Desktop/marketai-v5/backend/src/ingestion/modules/cryptoFearGreed.ts","ingestion","KEEP",""
"/Users/animationtech/Desktop/marketai-v5/backend/src/ingestion/modules/cryptoLiquidations.ts","ingestion","KEEP",""
"/Users/animationtech/Desktop/marketai-v5/backend/src/ingestion/modules/cryptoOHLC.ts","ingestion","KEEP",""
"/Users/animationtech/Desktop/marketai-v5/backend/src/ingestion/modules/cryptoWeekendSpike.ts","ingestion","KEEP",""
"/Users/animationtech/Desktop/marketai-v5/backend/src/ingestion/modules/cryptoWeekendToEquityLead.ts","ingestion","KEEP",""
"/Users/animationtech/Desktop/marketai-v5/backend/src/ingestion/modules/doj-antitrust-press.ts","ingestion","KEEP",""
"/Users/animationtech/Desktop/marketai-v5/backend/src/ingestion/modules/doj-antitrust-press.ts.bak.1766390198","ingestion","KEEP",""
"/Users/animationtech/Desktop/marketai-v5/backend/src/ingestion/modules/doj-antitrust-press.ts.bak.1766390262","ingestion","KEEP",""
"/Users/animationtech/Desktop/marketai-v5/backend/src/ingestion/modules/eia-spot-natgas.ts","ingestion","KEEP",""
"/Users/animationtech/Desktop/marketai-v5/backend/src/ingestion/modules/eia-spot-prices.ts","ingestion","KEEP",""
"/Users/animationtech/Desktop/marketai-v5/backend/src/ingestion/modules/fed-balance-sheet.ts","ingestion","KEEP",""
"/Users/animationtech/Desktop/marketai-v5/backend/src/ingestion/modules/fed-commentary-timeline.ts","ingestion","KEEP",""
"/Users/animationtech/Desktop/marketai-v5/backend/src/ingestion/modules/fed-financial-conditions.ts","ingestion","KEEP",""
"/Users/animationtech/Desktop/marketai-v5/backend/src/ingestion/modules/fed-speeches.ts","ingestion","KEEP",""
"/Users/animationtech/Desktop/marketai-v5/backend/src/ingestion/modules/fedFundsRate.ts","ingestion","KEEP",""
"/Users/animationtech/Desktop/marketai-v5/backend/src/ingestion/modules/fmpGovernmentContracts.ts","ingestion","KEEP",""
"/Users/animationtech/Desktop/marketai-v5/backend/src/ingestion/modules/fmpInstitutionalOwnership.ts","ingestion","KEEP",""
"/Users/animationtech/Desktop/marketai-v5/backend/src/ingestion/modules/fred-initial-jobless-claims.ts","ingestion","KEEP",""
"/Users/animationtech/Desktop/marketai-v5/backend/src/ingestion/modules/fred-treasury-yield-curve.ts","ingestion","KEEP",""
"/Users/animationtech/Desktop/marketai-v5/backend/src/ingestion/modules/fredCpi.ts","ingestion","KEEP",""
"/Users/animationtech/Desktop/marketai-v5/backend/src/ingestion/modules/fredHousing.ts","ingestion","KEEP",""
"/Users/animationtech/Desktop/marketai-v5/backend/src/ingestion/modules/fredUnemploymentRate.ts","ingestion","KEEP",""
"/Users/animationtech/Desktop/marketai-v5/backend/src/ingestion/modules/fundamentals/fmpFundamentals.ts","ingestion","KEEP",""
"/Users/animationtech/Desktop/marketai-v5/backend/src/ingestion/modules/gdelt-global-headlines.ts","ingestion","KEEP",""
"/Users/animationtech/Desktop/marketai-v5/backend/src/ingestion/modules/googleTrends.ts","ingestion","KEEP",""
"/Users/animationtech/Desktop/marketai-v5/backend/src/ingestion/modules/government/fmpGovernmentContracts.adapter.ts","ingestion","KEEP",""
"/Users/animationtech/Desktop/marketai-v5/backend/src/ingestion/modules/government/fmpGovernmentContracts.ts","ingestion","KEEP",""
"/Users/animationtech/Desktop/marketai-v5/backend/src/ingestion/modules/government/index.ts","ingestion","KEEP",""
"/Users/animationtech/Desktop/marketai-v5/backend/src/ingestion/modules/imf-wb-policy.ts","ingestion","KEEP",""
"/Users/animationtech/Desktop/marketai-v5/backend/src/ingestion/modules/insider/fmpInsider.ts","ingestion","KEEP",""
"/Users/animationtech/Desktop/marketai-v5/backend/src/ingestion/modules/institutional/fmpInstitutional.ts","ingestion","KEEP",""
"/Users/animationtech/Desktop/marketai-v5/backend/src/ingestion/modules/lifecycle/opportunityLifecycle.ts","ingestion","KEEP",""
"/Users/animationtech/Desktop/marketai-v5/backend/src/ingestion/modules/lifecycle/opportunityLifecycle/index.ts","ingestion","KEEP",""
"/Users/animationtech/Desktop/marketai-v5/backend/src/ingestion/modules/lifecycle/opportunityLifecycle/opportunityLifecycle.ts","ingestion","KEEP",""
"/Users/animationtech/Desktop/marketai-v5/backend/src/ingestion/modules/macro/fmpEconomicCalendar.ts","ingestion","KEEP",""
"/Users/animationtech/Desktop/marketai-v5/backend/src/ingestion/modules/macro/fmpMacro.ts","ingestion","KEEP",""
"/Users/animationtech/Desktop/marketai-v5/backend/src/ingestion/modules/metrics/fmpKeyMetrics.ts","ingestion","KEEP",""
"/Users/animationtech/Desktop/marketai-v5/backend/src/ingestion/modules/news/fmpNews.ts","ingestion","KEEP",""
"/Users/animationtech/Desktop/marketai-v5/backend/src/ingestion/modules/ofac-sanctions.ts","ingestion","KEEP",""
"/Users/animationtech/Desktop/marketai-v5/backend/src/ingestion/modules/ofac-sanctions.ts.bak.1766388086","ingestion","KEEP",""
"/Users/animationtech/Desktop/marketai-v5/backend/src/ingestion/modules/ofac-sanctions.ts.bak.1766388260","ingestion","KEEP",""
"/Users/animationtech/Desktop/marketai-v5/backend/src/ingestion/modules/ofac-sanctions.ts.bak.1766388392","ingestion","KEEP",""
"/Users/animationtech/Desktop/marketai-v5/backend/src/ingestion/modules/ofac-sanctions.ts.bak.1766390059","ingestion","KEEP",""
"/Users/animationtech/Desktop/marketai-v5/backend/src/ingestion/modules/ofac-sanctions.ts.bak.1766390234","ingestion","KEEP",""
"/Users/animationtech/Desktop/marketai-v5/backend/src/ingestion/modules/ofac-sdn-csv.ts","ingestion","KEEP",""
"/Users/animationtech/Desktop/marketai-v5/backend/src/ingestion/modules/ofac-sdn-entities.ts","ingestion","KEEP",""
"/Users/animationtech/Desktop/marketai-v5/backend/src/ingestion/modules/ofac-sdn-entities.ts.bak.1766390446","ingestion","KEEP",""
"/Users/animationtech/Desktop/marketai-v5/backend/src/ingestion/modules/ofac-sdn-entities.ts.bak.1766390898","ingestion","KEEP",""
"/Users/animationtech/Desktop/marketai-v5/backend/src/ingestion/modules/ofac-sdn.ts","ingestion","KEEP",""
"/Users/animationtech/Desktop/marketai-v5/backend/src/ingestion/modules/ofac-sdn.ts.bak.1766389336","ingestion","KEEP",""
"/Users/animationtech/Desktop/marketai-v5/backend/src/ingestion/modules/ofac-sdn.ts.bak.1766389368","ingestion","KEEP",""
"/Users/animationtech/Desktop/marketai-v5/backend/src/ingestion/modules/ofac-sdn.ts.bak.1766389569","ingestion","KEEP",""
"/Users/animationtech/Desktop/marketai-v5/backend/src/ingestion/modules/opportunities/opportunityEngine.ts","ingestion","KEEP",""
"/Users/animationtech/Desktop/marketai-v5/backend/src/ingestion/modules/opportunity/opportunityEngine.ts","ingestion","KEEP",""
"/Users/animationtech/Desktop/marketai-v5/backend/src/ingestion/modules/options/polygonOptionsFlow.ts","ingestion","KEEP",""
"/Users/animationtech/Desktop/marketai-v5/backend/src/ingestion/modules/optionsFlow.ts","ingestion","KEEP",""
"/Users/animationtech/Desktop/marketai-v5/backend/src/ingestion/modules/political/fmpLobbyingDisclosures.ts","ingestion","KEEP",""
"/Users/animationtech/Desktop/marketai-v5/backend/src/ingestion/modules/political/fmpPoliticalTrades.ts","ingestion","KEEP",""
"/Users/animationtech/Desktop/marketai-v5/backend/src/ingestion/modules/political/index.ts","ingestion","KEEP",""
"/Users/animationtech/Desktop/marketai-v5/backend/src/ingestion/modules/polygonDailyOHLC.ts","ingestion","KEEP",""
"/Users/animationtech/Desktop/marketai-v5/backend/src/ingestion/modules/polygonTickerDetails.ts","ingestion","KEEP",""
"/Users/animationtech/Desktop/marketai-v5/backend/src/ingestion/modules/polygonTickerDetails.ts.bak.1766404768","ingestion","KEEP",""
"/Users/animationtech/Desktop/marketai-v5/backend/src/ingestion/modules/polygonTickerDetails.ts.bak.1766404812","ingestion","KEEP",""
"/Users/animationtech/Desktop/marketai-v5/backend/src/ingestion/modules/polygonTickerDetails.ts.bak.1766404856","ingestion","KEEP",""
"/Users/animationtech/Desktop/marketai-v5/backend/src/ingestion/modules/polygonTickerNews.ts","ingestion","KEEP",""
"/Users/animationtech/Desktop/marketai-v5/backend/src/ingestion/modules/polygonTickerNews.ts.bak.1766418135","ingestion","KEEP",""
"/Users/animationtech/Desktop/marketai-v5/backend/src/ingestion/modules/polygonTickerNews.ts.bak.1766418181","ingestion","KEEP",""
"/Users/animationtech/Desktop/marketai-v5/backend/src/ingestion/modules/polygonTickerNews.ts.bak.1766418302","ingestion","KEEP",""
"/Users/animationtech/Desktop/marketai-v5/backend/src/ingestion/modules/prices/polygonPrices.ts","ingestion","KEEP",""
"/Users/animationtech/Desktop/marketai-v5/backend/src/ingestion/modules/quiverCongressTrades.ts","ingestion","KEEP",""
"/Users/animationtech/Desktop/marketai-v5/backend/src/ingestion/modules/redditSentiment.ts","ingestion","KEEP",""
"/Users/animationtech/Desktop/marketai-v5/backend/src/ingestion/modules/sec-enforcement-snapshot.ts","ingestion","KEEP",""
"/Users/animationtech/Desktop/marketai-v5/backend/src/ingestion/modules/sec-press-releases.ts","ingestion","KEEP",""
"/Users/animationtech/Desktop/marketai-v5/backend/src/ingestion/modules/sec-press-releases.ts.bak.1766387986","ingestion","KEEP",""
"/Users/animationtech/Desktop/marketai-v5/backend/src/ingestion/modules/sec13fHoldings.ts","ingestion","KEEP",""
"/Users/animationtech/Desktop/marketai-v5/backend/src/ingestion/modules/secCompanyFacts.ts","ingestion","KEEP",""
"/Users/animationtech/Desktop/marketai-v5/backend/src/ingestion/modules/secForm4.ts","ingestion","KEEP",""
"/Users/animationtech/Desktop/marketai-v5/backend/src/ingestion/modules/tariff-trade-events.ts","ingestion","KEEP",""
"/Users/animationtech/Desktop/marketai-v5/backend/src/ingestion/modules/test-control-plane.ts","ingestion","KEEP",""
"/Users/animationtech/Desktop/marketai-v5/backend/src/ingestion/modules/treasury-auction-snapshot.ts","ingestion","KEEP",""
"/Users/animationtech/Desktop/marketai-v5/backend/src/ingestion/modules/treasury-auctions.ts","ingestion","KEEP",""
"/Users/animationtech/Desktop/marketai-v5/backend/src/ingestion/modules/treasury-yield-curve.ts","ingestion","KEEP",""
"/Users/animationtech/Desktop/marketai-v5/backend/src/ingestion/modules/trump-truth-social.ts","ingestion","KEEP",""
"/Users/animationtech/Desktop/marketai-v5/backend/src/ingestion/modules/universe/sp500Universe.ts","ingestion","KEEP",""
"/Users/animationtech/Desktop/marketai-v5/backend/src/ingestion/modules/usaspendingAwardDetailEnrichment.ts","ingestion","KEEP",""
"/Users/animationtech/Desktop/marketai-v5/backend/src/ingestion/modules/usaspendingGovernmentContracts.ts","ingestion","KEEP",""
"/Users/animationtech/Desktop/marketai-v5/backend/src/ingestion/modules/usaspendingSymbolMapping.ts","ingestion","KEEP",""
"/Users/animationtech/Desktop/marketai-v5/backend/src/ingestion/pipelines/modulePipeline.ts","ingestion","KEEP",""
"/Users/animationtech/Desktop/marketai-v5/backend/src/ingestion/pipelines/runIngestionPipeline.ts","ingestion","KEEP",""
"/Users/animationtech/Desktop/marketai-v5/backend/src/ingestion/pipelines/runIngestionPipeline.ts.bak.1766418548","ingestion","KEEP",""
"/Users/animationtech/Desktop/marketai-v5/backend/src/ingestion/pipelines/runIngestionPipeline.ts.bak.1766418586","ingestion","KEEP",""
"/Users/animationtech/Desktop/marketai-v5/backend/src/ingestion/pipelines/runIngestionPipeline.ts.ctxfix.20251220_175554","ingestion","KEEP",""
"/Users/animationtech/Desktop/marketai-v5/backend/src/ingestion/pipelines/runIngestionPipeline.ts.gated.20251220_175432","ingestion","KEEP",""
"/Users/animationtech/Desktop/marketai-v5/backend/src/ingestion/pipelines/runIngestionPipeline.ts.gated.20251220_185017","ingestion","KEEP",""
"/Users/animationtech/Desktop/marketai-v5/backend/src/ingestion/pipelines/runIngestionPipeline.ts.restore.20251220_175415","ingestion","KEEP",""
"/Users/animationtech/Desktop/marketai-v5/backend/src/ingestion/registry.ts","ingestion","KEEP",""
"/Users/animationtech/Desktop/marketai-v5/backend/src/ingestion/registry.ts.DISABLED","ingestion","KEEP",""
"/Users/animationtech/Desktop/marketai-v5/backend/src/ingestion/runIngestionDryRun.ts","ingestion","KEEP",""
"/Users/animationtech/Desktop/marketai-v5/backend/src/ingestion/runPriceHistoryIngestion.ts","ingestion","KEEP",""
"/Users/animationtech/Desktop/marketai-v5/backend/src/ingestion/scheduler.ts","ingestion","KEEP",""
"/Users/animationtech/Desktop/marketai-v5/backend/src/ingestion/schedulers/fmpDividendCalendar.scheduler.ts","ingestion","KEEP",""
"/Users/animationtech/Desktop/marketai-v5/backend/src/ingestion/schedulers/fmpEarningsCalendar.scheduler.ts","ingestion","KEEP",""
"/Users/animationtech/Desktop/marketai-v5/backend/src/ingestion/types.ts","ingestion","KEEP",""
"/Users/animationtech/Desktop/marketai-v5/backend/src/ingestion/utils/chunker.ts","ingestion","KEEP",""
"/Users/animationtech/Desktop/marketai-v5/backend/src/ingestion/utils/context.ts","ingestion","KEEP",""
"/Users/animationtech/Desktop/marketai-v5/backend/src/ingestion/utils/ingestionLogger.ts","ingestion","KEEP",""
"/Users/animationtech/Desktop/marketai-v5/backend/src/ingestion/utils/liveOverride.ts","ingestion","KEEP",""
"/Users/animationtech/Desktop/marketai-v5/backend/src/ingestion/utils/retrier.ts","ingestion","KEEP",""
"/Users/animationtech/Desktop/marketai-v5/backend/src/ingestion/utils/wrap.ts","ingestion","KEEP",""
"/Users/animationtech/Desktop/marketai-v5/backend/src/ingestion/utils/wrap.ts.bak.1766405041","ingestion","KEEP",""
"/Users/animationtech/Desktop/marketai-v5/backend/src/ingestion/utils/wrap.ts.bak.1766405081","ingestion","KEEP",""
"/Users/animationtech/Desktop/marketai-v5/backend/src/ingestion/utils/wrap.ts.bak.1766405114","ingestion","KEEP",""
"/Users/animationtech/Desktop/marketai-v5/backend/src/lib/prisma-js-bridge.d.ts","misplaced","MOVE","normalize-location"
"/Users/animationtech/Desktop/marketai-v5/backend/src/lib/prisma.js","misplaced","MOVE","normalize-location"
"/Users/animationtech/Desktop/marketai-v5/backend/src/lib/prisma.ts","misplaced","MOVE","normalize-location"
"/Users/animationtech/Desktop/marketai-v5/backend/src/middleware/errorHandler.ts","misplaced","MOVE","normalize-location"
"/Users/animationtech/Desktop/marketai-v5/backend/src/middleware/requestLogger.ts","misplaced","MOVE","normalize-location"
"/Users/animationtech/Desktop/marketai-v5/backend/src/middleware/responseHelpers.ts","misplaced","MOVE","normalize-location"
"/Users/animationtech/Desktop/marketai-v5/backend/src/modules/.DS_Store","legacy","DELETE",""
"/Users/animationtech/Desktop/marketai-v5/backend/src/modules/political/fmpLobbyingDisclosures.ts","misplaced","MOVE","normalize-location"
"/Users/animationtech/Desktop/marketai-v5/backend/src/modules/political/fmpPoliticalTrades.ts","misplaced","MOVE","normalize-location"
"/Users/animationtech/Desktop/marketai-v5/backend/src/observability/alerts.ts","misplaced","MOVE","normalize-location"
"/Users/animationtech/Desktop/marketai-v5/backend/src/observability/runEvents.ts","runner","KEEP",""
"/Users/animationtech/Desktop/marketai-v5/backend/src/observability/runSource.ts","runner","KEEP",""
"/Users/animationtech/Desktop/marketai-v5/backend/src/observability/slo.ts","misplaced","MOVE","normalize-location"
"/Users/animationtech/Desktop/marketai-v5/backend/src/observability/writeCounters.ts","misplaced","MOVE","normalize-location"
"/Users/animationtech/Desktop/marketai-v5/backend/src/phase15/runBackfillReadonly.ts","runner","KEEP",""
"/Users/animationtech/Desktop/marketai-v5/backend/src/phase19/buildOpportunityDryRun.ts","legacy","DELETE","phase-folder"
"/Users/animationtech/Desktop/marketai-v5/backend/src/phase19/runPhase19Opportunities.ts","runner","KEEP",""
"/Users/animationtech/Desktop/marketai-v5/backend/src/phase3/.DS_Store","legacy","DELETE","phase-folder"
"/Users/animationtech/Desktop/marketai-v5/backend/src/phase3/engines/.DS_Store","legacy","DELETE","phase-folder"
"/Users/animationtech/Desktop/marketai-v5/backend/src/phase3/engines/catalystHunter/v1/runCatalystHunter.ts","runner","KEEP",""
"/Users/animationtech/Desktop/marketai-v5/backend/src/phase3/engines/catalystHunter/v1/writeCatalystArtifacts.ts","legacy","DELETE","phase-folder"
"/Users/animationtech/Desktop/marketai-v5/backend/src/phase3/engines/correlationHunter/v1/runCorrelationHunter.ts","runner","KEEP",""
"/Users/animationtech/Desktop/marketai-v5/backend/src/phase3/engines/correlationHunter/v1/writeCorrelationArtifacts.ts","legacy","DELETE","phase-folder"
"/Users/animationtech/Desktop/marketai-v5/backend/src/phase3/engines/engineSignals/v1/runEngineSignals.ts","runner","KEEP",""
"/Users/animationtech/Desktop/marketai-v5/backend/src/phase3/engines/engineSignals/v1/runEngineSignalsMetrics.ts","runner","KEEP",""
"/Users/animationtech/Desktop/marketai-v5/backend/src/phase3/engines/Phase3Engine.ts","legacy","DELETE","phase-folder"
"/Users/animationtech/Desktop/marketai-v5/backend/src/phase3/guards/applyCalendarDecay.ts","legacy","DELETE","phase-folder"
"/Users/animationtech/Desktop/marketai-v5/backend/src/phase3/guards/emitSilence.ts","legacy","DELETE","phase-folder"
"/Users/animationtech/Desktop/marketai-v5/backend/src/phase3/guards/validateSignalState.ts","legacy","DELETE","phase-folder"
"/Users/animationtech/Desktop/marketai-v5/backend/src/phase3/models/ConfidenceBand.ts","legacy","DELETE","phase-folder"
"/Users/animationtech/Desktop/marketai-v5/backend/src/phase3/models/Opportunity.ts","legacy","DELETE","phase-folder"
"/Users/animationtech/Desktop/marketai-v5/backend/src/phase3/models/ScoreContribution.ts","legacy","DELETE","phase-folder"
"/Users/animationtech/Desktop/marketai-v5/backend/src/phase3/models/SignalState.ts","legacy","DELETE","phase-folder"
"/Users/animationtech/Desktop/marketai-v5/backend/src/phase3/models/SilenceReason.ts","legacy","DELETE","phase-folder"
"/Users/animationtech/Desktop/marketai-v5/backend/src/phase3/opportunity/synthesizeOpportunity.ts","legacy","DELETE","phase-folder"
"/Users/animationtech/Desktop/marketai-v5/backend/src/phase3/risk/evaluateRisk.ts","legacy","DELETE","phase-folder"
"/Users/animationtech/Desktop/marketai-v5/backend/src/phase3/risk/RiskFlag.ts","legacy","DELETE","phase-folder"
"/Users/animationtech/Desktop/marketai-v5/backend/src/phase3/runners/runCatalystHunterManual.ts","runner","KEEP",""
"/Users/animationtech/Desktop/marketai-v5/backend/src/phase3/runners/runCorrelationHunterManual.ts","runner","KEEP",""
"/Users/animationtech/Desktop/marketai-v5/backend/src/phase3/runners/runEngineSignalsManual.ts","runner","KEEP",""
"/Users/animationtech/Desktop/marketai-v5/backend/src/phase3/runtime/runPhase3Gate1.ts","runner","KEEP",""
"/Users/animationtech/Desktop/marketai-v5/backend/src/phase3/runtime/runPhase3Gate2.ts","runner","KEEP",""
"/Users/animationtech/Desktop/marketai-v5/backend/src/phase3/runtime/runPhase3Gate3.ts","runner","KEEP",""
"/Users/animationtech/Desktop/marketai-v5/backend/src/phase3/scoring/aggregateConfidence.ts","legacy","DELETE","phase-folder"
"/Users/animationtech/Desktop/marketai-v5/backend/src/phase3/scoring/scoreSignals.ts","legacy","DELETE","phase-folder"
"/Users/animationtech/Desktop/marketai-v5/backend/src/phase4/aiSynthesis/v1/aiSynthesisPrompt.ts","legacy","DELETE","phase-folder"
"/Users/animationtech/Desktop/marketai-v5/backend/src/phase4/aiSynthesis/v1/index.ts","legacy","DELETE","phase-folder"
"/Users/animationtech/Desktop/marketai-v5/backend/src/phase4/aiSynthesis/v1/prompt.ts","legacy","DELETE","phase-folder"
"/Users/animationtech/Desktop/marketai-v5/backend/src/phase4/aiSynthesis/v1/providers.ts","legacy","DELETE","phase-folder"
"/Users/animationtech/Desktop/marketai-v5/backend/src/phase4/aiSynthesis/v1/providers/claude.ts","legacy","DELETE","phase-folder"
"/Users/animationtech/Desktop/marketai-v5/backend/src/phase4/aiSynthesis/v1/providers/index.ts","legacy","DELETE","phase-folder"
"/Users/animationtech/Desktop/marketai-v5/backend/src/phase4/aiSynthesis/v1/providers/openai.ts","legacy","DELETE","phase-folder"
"/Users/animationtech/Desktop/marketai-v5/backend/src/phase4/aiSynthesis/v1/runAISynthesis.ts","runner","KEEP",""
"/Users/animationtech/Desktop/marketai-v5/backend/src/phase4/aiSynthesis/v1/types.ts","legacy","DELETE","phase-folder"
"/Users/animationtech/Desktop/marketai-v5/backend/src/phase4/composer/__tests__/composeOpportunity.test.ts","legacy","DELETE","phase-folder"
"/Users/animationtech/Desktop/marketai-v5/backend/src/phase4/composer/composeOpportunity.ts","legacy","DELETE","phase-folder"
"/Users/animationtech/Desktop/marketai-v5/backend/src/phase4/diagnostics/__tests__/diagnosticsSummary.test.ts","legacy","DELETE","phase-folder"
"/Users/animationtech/Desktop/marketai-v5/backend/src/phase4/diagnostics/__tests__/generateDiagnosticsMetrics.test.ts","legacy","DELETE","phase-folder"
"/Users/animationtech/Desktop/marketai-v5/backend/src/phase4/diagnostics/diagnosticsSummary.ts","legacy","DELETE","phase-folder"
"/Users/animationtech/Desktop/marketai-v5/backend/src/phase4/diagnostics/generateDiagnosticsMetrics.ts","legacy","DELETE","phase-folder"
"/Users/animationtech/Desktop/marketai-v5/backend/src/phase4/explanation/__tests__/explainOpportunity.test.ts","legacy","DELETE","phase-folder"
"/Users/animationtech/Desktop/marketai-v5/backend/src/phase4/explanation/__tests__/explanationSummary.test.ts","legacy","DELETE","phase-folder"
"/Users/animationtech/Desktop/marketai-v5/backend/src/phase4/explanation/explainOpportunity.ts","legacy","DELETE","phase-folder"
"/Users/animationtech/Desktop/marketai-v5/backend/src/phase4/explanation/explanationSummary.ts","legacy","DELETE","phase-folder"
"/Users/animationtech/Desktop/marketai-v5/backend/src/phase4/models/DiagnosticsMetrics.ts","legacy","DELETE","phase-folder"
"/Users/animationtech/Desktop/marketai-v5/backend/src/phase4/models/OpportunityExplanation.ts","legacy","DELETE","phase-folder"
"/Users/animationtech/Desktop/marketai-v5/backend/src/phase4/models/OpportunityQualification.ts","legacy","DELETE","phase-folder"
"/Users/animationtech/Desktop/marketai-v5/backend/src/phase4/qualification/__tests__/qualifyOpportunity.test.ts","legacy","DELETE","phase-folder"
"/Users/animationtech/Desktop/marketai-v5/backend/src/phase4/qualification/qualifyOpportunity.ts","legacy","DELETE","phase-folder"
"/Users/animationtech/Desktop/marketai-v5/backend/src/phase4/runAISynthesisDryRun.ts","runner","KEEP",""
"/Users/animationtech/Desktop/marketai-v5/backend/src/phase4/runners/runAISynthesisDiagnostic.ts","runner","KEEP",""
"/Users/animationtech/Desktop/marketai-v5/backend/src/phase4/runners/runAISynthesisManual.ts","runner","KEEP",""
"/Users/animationtech/Desktop/marketai-v5/backend/src/phase4/utils/correlationReader.ts","legacy","DELETE","phase-folder"
"/Users/animationtech/Desktop/marketai-v5/backend/src/phase5/meta/evaluateEngines.ts","legacy","DELETE","phase-folder"
"/Users/animationtech/Desktop/marketai-v5/backend/src/phase5/models/EnginePerformance.ts","legacy","DELETE","phase-folder"
"/Users/animationtech/Desktop/marketai-v5/backend/src/phase5/runners/runMetaLearningDiagnostic.ts","runner","KEEP",""
"/Users/animationtech/Desktop/marketai-v5/backend/src/phase6/attribution/computeAttribution.ts","legacy","DELETE","phase-folder"
"/Users/animationtech/Desktop/marketai-v5/backend/src/phase6/attribution/computeDecayedAttribution.ts","legacy","DELETE","phase-folder"
"/Users/animationtech/Desktop/marketai-v5/backend/src/phase6/attribution/computeRollingAttribution.ts","legacy","DELETE","phase-folder"
"/Users/animationtech/Desktop/marketai-v5/backend/src/phase6/confidence/computeEngineConfidence.ts","legacy","DELETE","phase-folder"
"/Users/animationtech/Desktop/marketai-v5/backend/src/phase6/models/AttributionSnapshot.ts","legacy","DELETE","phase-folder"
"/Users/animationtech/Desktop/marketai-v5/backend/src/phase6/models/RollingAttribution.ts","legacy","DELETE","phase-folder"
"/Users/animationtech/Desktop/marketai-v5/backend/src/phase6/runners/runAttributionDiagnostic.ts","runner","KEEP",""
"/Users/animationtech/Desktop/marketai-v5/backend/src/phase6/runners/runDecayedAttributionDiagnostic.ts","runner","KEEP",""
"/Users/animationtech/Desktop/marketai-v5/backend/src/phase6/runners/runEngineConfidenceDiagnostic.ts","runner","KEEP",""
"/Users/animationtech/Desktop/marketai-v5/backend/src/phase6/runners/runRollingAttributionDiagnostic.ts","runner","KEEP",""
"/Users/animationtech/Desktop/marketai-v5/backend/src/phase6/utils/decayWeight.ts","legacy","DELETE","phase-folder"
"/Users/animationtech/Desktop/marketai-v5/backend/src/phase6/utils/rollingAverage.ts","legacy","DELETE","phase-folder"
"/Users/animationtech/Desktop/marketai-v5/backend/src/phase9/runPhase9Pipeline.ts","runner","KEEP",""
"/Users/animationtech/Desktop/marketai-v5/backend/src/routes/adminRoutes.ts","misplaced","MOVE","normalize-location"
"/Users/animationtech/Desktop/marketai-v5/backend/src/routes/brainAutopilotRoutes.ts","misplaced","MOVE","normalize-location"
"/Users/animationtech/Desktop/marketai-v5/backend/src/routes/brainEnsembleRoutes.ts","misplaced","MOVE","normalize-location"
"/Users/animationtech/Desktop/marketai-v5/backend/src/routes/brainMetaRoutes.ts","misplaced","MOVE","normalize-location"
"/Users/animationtech/Desktop/marketai-v5/backend/src/routes/brainPortfolioRun.ts","misplaced","MOVE","normalize-location"
"/Users/animationtech/Desktop/marketai-v5/backend/src/routes/brainRoutes.ts","misplaced","MOVE","normalize-location"
"/Users/animationtech/Desktop/marketai-v5/backend/src/routes/brainRunsRoutes.ts","misplaced","MOVE","normalize-location"
"/Users/animationtech/Desktop/marketai-v5/backend/src/routes/diagnosticsAggregate.ts","misplaced","MOVE","normalize-location"
"/Users/animationtech/Desktop/marketai-v5/backend/src/routes/diagnosticsNarrativeCache.ts","misplaced","MOVE","normalize-location"
"/Users/animationtech/Desktop/marketai-v5/backend/src/routes/diagnosticsOpportunityScoresRoutes.ts","misplaced","MOVE","normalize-location"
"/Users/animationtech/Desktop/marketai-v5/backend/src/routes/diagnosticsRoutes.ts","misplaced","MOVE","normalize-location"
"/Users/animationtech/Desktop/marketai-v5/backend/src/routes/diagnosticsSystemRoutes.ts","misplaced","MOVE","normalize-location"
"/Users/animationtech/Desktop/marketai-v5/backend/src/routes/health.ts","misplaced","MOVE","normalize-location"
"/Users/animationtech/Desktop/marketai-v5/backend/src/routes/index.ts","misplaced","MOVE","normalize-location"
"/Users/animationtech/Desktop/marketai-v5/backend/src/routes/ingestion/index.ts","ingestion","KEEP",""
"/Users/animationtech/Desktop/marketai-v5/backend/src/routes/ingestion/run.ts","ingestion","KEEP",""
"/Users/animationtech/Desktop/marketai-v5/backend/src/routes/ingestionRegistryRoutes.ts","misplaced","MOVE","normalize-location"
"/Users/animationtech/Desktop/marketai-v5/backend/src/routes/ingestionRoutes.ts","misplaced","MOVE","normalize-location"
"/Users/animationtech/Desktop/marketai-v5/backend/src/routes/ingestionRuns.ts","misplaced","MOVE","normalize-location"
"/Users/animationtech/Desktop/marketai-v5/backend/src/routes/ingestionStatus.ts","misplaced","MOVE","normalize-location"
"/Users/animationtech/Desktop/marketai-v5/backend/src/routes/ingestRoutes.ts","misplaced","MOVE","normalize-location"
"/Users/animationtech/Desktop/marketai-v5/backend/src/routes/intelligenceLatestRoutes.ts","misplaced","MOVE","normalize-location"
"/Users/animationtech/Desktop/marketai-v5/backend/src/routes/opportunities.ts","misplaced","MOVE","normalize-location"
"/Users/animationtech/Desktop/marketai-v5/backend/src/routes/opportunitiesRead.ts","misplaced","MOVE","normalize-location"
"/Users/animationtech/Desktop/marketai-v5/backend/src/routes/opportunitiesRoutes.ts","misplaced","MOVE","normalize-location"
"/Users/animationtech/Desktop/marketai-v5/backend/src/routes/portfolioRoutes.ts","misplaced","MOVE","normalize-location"
"/Users/animationtech/Desktop/marketai-v5/backend/src/routes/schedulerRoutes.ts","misplaced","MOVE","normalize-location"
"/Users/animationtech/Desktop/marketai-v5/backend/src/routes/ui/assets.ts","misplaced","MOVE","normalize-location"
"/Users/animationtech/Desktop/marketai-v5/backend/src/routes/ui/index.ts","misplaced","MOVE","normalize-location"
"/Users/animationtech/Desktop/marketai-v5/backend/src/routes/ui/market.ts","misplaced","MOVE","normalize-location"
"/Users/animationtech/Desktop/marketai-v5/backend/src/routes/ui/regime.ts","misplaced","MOVE","normalize-location"
"/Users/animationtech/Desktop/marketai-v5/backend/src/routes/ui/sectors.ts","misplaced","MOVE","normalize-location"
"/Users/animationtech/Desktop/marketai-v5/backend/src/schedulers/fmpGovernmentContracts.scheduler.ts","misplaced","MOVE","normalize-location"
"/Users/animationtech/Desktop/marketai-v5/backend/src/schedulers/index.ts","misplaced","MOVE","normalize-location"
"/Users/animationtech/Desktop/marketai-v5/backend/src/schema/types.ts","types","KEEP",""
"/Users/animationtech/Desktop/marketai-v5/backend/src/server.ts","misplaced","MOVE","normalize-location"
"/Users/animationtech/Desktop/marketai-v5/backend/src/services/opportunities/computeFromBundles.ts","misplaced","MOVE","normalize-location"
"/Users/animationtech/Desktop/marketai-v5/backend/src/services/opportunitiesService.ts","misplaced","MOVE","normalize-location"
"/Users/animationtech/Desktop/marketai-v5/backend/src/types/ai-alias.d.ts","types","KEEP",""
"/Users/animationtech/Desktop/marketai-v5/backend/src/types/alias-modules.d.ts","types","KEEP",""
"/Users/animationtech/Desktop/marketai-v5/backend/src/types/express.d.ts","types","KEEP",""
"/Users/animationtech/Desktop/marketai-v5/backend/src/types/google-trends-api.d.ts","types","KEEP",""
"/Users/animationtech/Desktop/marketai-v5/backend/src/types/schema-alias.d.ts","types","KEEP",""
"/Users/animationtech/Desktop/marketai-v5/backend/src/utils/audit.ts","misplaced","MOVE","normalize-location"
"/Users/animationtech/Desktop/marketai-v5/backend/src/utils/http.ts","misplaced","MOVE","normalize-location"
"/Users/animationtech/Desktop/marketai-v5/backend/src/utils/logger.ts","misplaced","MOVE","normalize-location"
"/Users/animationtech/Desktop/marketai-v5/backend/src/utils/persistDryRun.ts","misplaced","MOVE","normalize-location"
"/Users/animationtech/Desktop/marketai-v5/backend/src/utils/persistenceGuard.ts","misplaced","MOVE","normalize-location"
"/Users/animationtech/Desktop/marketai-v5/backend/src/utils/sanitize.ts","misplaced","MOVE","normalize-location"
"/Users/animationtech/Desktop/marketai-v5/backend/src/utils/sanitizeOpportunity.ts","misplaced","MOVE","normalize-location"
